,Unnamed: 0,country,description,designation,points,price,province,region_1,region_2,taster_name,taster_twitter_handle,title,variety,winery,predicted
2036,2036,Italy,"floral aromas white spring flowers partner hints pear stone . juicy palate offers white peach , apple green melon alongside mineral note fresh acidity .",Castello,87,15.0,Veneto,Soave Classico,,Kerin O’Keefe,@kerinokeefe,Cantina del Castello 2013 Castello  (Soave Classico),White Blend,Cantina del Castello,5
2496,2496,Italy,"aromas honeysuckle , jasmine stone lead nose vibrant . juicy palate delivers creamy white peach , green apple honeydew melon alongside crisp acidity .",Monte Stelle,88,16.0,Veneto,Soave Classico,,Kerin O’Keefe,@kerinokeefe,La Cappuccina 2013 Monte Stelle  (Soave Classico),Garganega,La Cappuccina,5
4040,4040,Italy,"aromas chamomile flower , spanish broom orchard lift glass . ripe palate offers exotic , juicy peach note candied citrus zest .",Vin Soave,88,15.0,Veneto,Soave Classico,,Kerin O’Keefe,@kerinokeefe,Inama 2015 Vin Soave  (Soave Classico),Garganega,Inama,5
4202,4202,Italy,"offers aromas white spring flower , orchard almond . straightforward palate , hint mineral underscores pear citrus .",Monte Majore,87,,Veneto,Soave Classico,,Kerin O’Keefe,@kerinokeefe,Le Albare 2015 Monte Majore  (Soave Classico),Garganega,Le Albare,5
4221,4221,Italy,aromas mature orchard botanical herb lift glass . aromas repeat bright palate along juicy hint nectarine almond note .,,87,12.0,Veneto,Soave,,Kerin O’Keefe,@kerinokeefe,Corte Adami 2015  Soave,Garganega,Corte Adami,5
6231,6231,Italy,"linear vibrant , enticing fragrance hawthorn black locust . juicy palate offers creamy white peach , tart green apple citrus alongside energizing mineral vein . 's well balanced , zesty acidity .",Pressoni,90,16.0,Veneto,Soave Classico,,Kerin O’Keefe,@kerinokeefe,Cantina del Castello 2013 Pressoni  (Soave Classico),White Blend,Cantina del Castello,5
6871,6871,Italy,"lovely fresh , heady scents beeswax , wild flower apple . bright palate offers ripe pear , creamy peach citrus alongside bright acidity light mineral note .",,89,24.0,Veneto,Soave Classico,,Kerin O’Keefe,@kerinokeefe,Guerrieri Rizzardi 2015  Soave Classico,Garganega,Guerrieri Rizzardi,5
6917,6917,Italy,"year year , always one best soaves 2013 exception . elegant impeccably balanced vibrant acidity , delivers crisp yellow apple , bartlett pear , creamy white peach , almond lemon zest sensations . notes saline energizing mineral close lingering finish . drink 2020 .",La Froscà,93,29.0,Veneto,Soave Classico,,Kerin O’Keefe,@kerinokeefe,Gini 2013 La Froscà  (Soave Classico),Garganega,Gini,5
8126,8126,Italy,"subdued aromas ripe orchard pressed yellow flower slowly take shape . big soft palate shows ripe apricot , candied lemon drop buttery note .",Vigneti di Foscarino,88,,Veneto,Soave Classico,,Kerin O’Keefe,@kerinokeefe,Inama 2015 Vigneti di Foscarino  (Soave Classico),Garganega,Inama,5
9740,9740,Italy,"aromas ripe green apple , pear , spanish broom tangerine lead creamy palate yellow stone hint white almond . fresh acidity mineral note brighten finish .",,89,16.0,Veneto,Soave Classico,,Kerin O’Keefe,@kerinokeefe,Balestri Valda 2015  Soave Classico,Garganega,Balestri Valda,5
9868,9868,Italy,"appealing aromas mature pear , crushed stone hint grilled herb lift glass . ripe palate offers juicy nectarine , pineapple creamy white peach hint bitter almond closes . enough freshness support rich flavors .",,88,,Veneto,Soave,,Kerin O’Keefe,@kerinokeefe,Tamellini 2015  Soave,Garganega,Tamellini,5
9877,9877,Italy,"aromas chamomile flower ripe orchard lead nose round palate offers mature apple , bartlett pear , juicy white peach hint mineral . 's lot enjoy .",Vicario,88,,Veneto,Soave Classico,,Kerin O’Keefe,@kerinokeefe,Cantina di Monteforte 2015 Vicario  (Soave Classico),Garganega,Cantina di Monteforte,5
10067,10067,Italy,"initially shy , eventually reveals aromas citrus blossom , orchard grilled herb . aromas carry savory enjoyable palate along citrusy notes .",Farinaldo,88,,Veneto,Soave,,Kerin O’Keefe,@kerinokeefe,Tenuta Grimani 2015 Farinaldo  (Soave),Garganega,Tenuta Grimani,5
11114,11114,Italy,"aromas ripe orchard , pressed flower whiff citrus zest take center stage enjoyable white . bright palate offers golden apple pear note bitter almond closes finish .",Tufaie,87,15.0,Veneto,Soave Classico,,Kerin O’Keefe,@kerinokeefe,Bolla 2015 Tufaie  (Soave Classico),Garganega,Bolla,5
11147,11147,Italy,"mature orchard , lychee , citrus zest balsamic note lead way . savory palate shows citrus zest unusual salty hint cured meat alongside fresh acidity . toasted note marks finish .",Il Roccolo,89,,Veneto,Soave Classico,,Kerin O’Keefe,@kerinokeefe,Le Mandolare 2015 Il Roccolo  (Soave Classico),Garganega,Le Mandolare,5
11151,11151,Italy,"aromas suggesting grilled herb ripe orchard . bright linear , palate offers pear , peach aromatic herb hint citrus zest marks finish .",Villa Borghetti,89,,Veneto,Soave,,Kerin O’Keefe,@kerinokeefe,Pasqua 2015 Villa Borghetti  (Soave),Garganega,Pasqua,5
11160,11160,Italy,"aromas citrus blossom , mature pear ripe peach follow juicy palate along apricot , pineapple mineral note . hint bitter almond closes finish . 's extremely enjoyable surprisingly fresh hot vintage .",I Giaroni,89,,Veneto,Soave,,Kerin O’Keefe,@kerinokeefe,Tirapelle Nicola 2015 I Giaroni  (Soave),Garganega,Tirapelle Nicola,5
11162,11162,Italy,"scents beeswax , pressed flower mature orchard lead nose savory , linear palate doles pear , white almond citrus note . fresh acidity brightens creamy flavors .",Monopolio,89,,Veneto,Soave Classico,,Kerin O’Keefe,@kerinokeefe,Vitevis 2015 Monopolio  (Soave Classico),Garganega,Vitevis,5
12393,12393,Italy,"delicate aromas yellow flowers notes exotic , classic , bright soave . juicy palate offers subtle peach , apples honeydew melon hint almond alongside fresh acidity . sip apéritif pair light first courses appetizers .",Vigne di Sande,87,13.0,Veneto,Soave,,Kerin O’Keefe,@kerinokeefe,Villa Canestrari 2013 Vigne di Sande  (Soave),White Blend,Villa Canestrari,5
12412,12412,Italy,"medium-bodied conveys fragrances yellow flowers exotic . palate offers ripe apple , mature pear white peach alongside fresh acidity . closes almond note .",Colli Scaligeri,87,22.0,Veneto,Soave Colli Scaligeri,,Kerin O’Keefe,@kerinokeefe,Sandro de Bruno 2011 Colli Scaligeri  (Soave Colli Scaligeri),Garganega,Sandro de Bruno,5
13209,13209,Italy,"charming white delicate aromas pressed white flower , beeswax orchard . palate offers green apple , citrus herbal note alongside brisk acidity .",Montefoscarino,86,13.0,Veneto,Soave Classico,,Kerin O’Keefe,@kerinokeefe,Santa Sofia 2014 Montefoscarino  (Soave Classico),Garganega,Santa Sofia,5
14899,14899,Italy,"pressed spanish broom , citrus zest almond aromas lead nose . lively palate , lemon drop hint accents pink grapefruit yellow apple notes . 's vibrant , racy acidity .",Vigne del Brà,87,28.0,Veneto,Soave Colli Scaligeri,,Kerin O’Keefe,@kerinokeefe,Filippi 2014 Vigne del Brà  (Soave Colli Scaligeri),Garganega,Filippi,5
14902,14902,Italy,"delicate orchard , citrus zest white spring flower scents . bright palate , bitter almond note accents ripe pear nectarine flavors tangy acidity .",Vin Soave,87,,Veneto,Soave Classico,,Kerin O’Keefe,@kerinokeefe,Inama 2016 Vin Soave  (Soave Classico),Garganega,Inama,5
15864,15864,Italy,"aromas citrus zest , stone , toasted almond whiff light baking spice lead way polished white . vibrant , elegantly structured palate shows bosc pear , white peach , nectarine hint ginger . mineral note backs finish .",Salvarenza Vecchie Vigne,90,38.0,Veneto,Soave Classico,,Kerin O’Keefe,@kerinokeefe,Gini 2013 Salvarenza Vecchie Vigne  (Soave Classico),Garganega,Gini,5
16779,16779,Italy,"floral fragrance spanish broom , jasmine chamomile . juicy palate delivers citrus , pineapple almond alongside crisp acidity lends clean , refreshing close .",Fontego,89,10.0,Veneto,Soave,,Kerin O’Keefe,@kerinokeefe,La Cappuccina 2012 Fontego  (Soave),White Blend,La Cappuccina,5
16936,16936,Italy,"vanilla , smoke , lemon peel pear . linear palate offers tart yellow apples , yellow grapefruit , graphite hint vanilla alongside bright acidity .",Il Pigno,86,24.0,Veneto,Soave Classico,,Kerin O’Keefe,@kerinokeefe,Marcato 2012 Il Pigno  (Soave Classico),Garganega,Marcato,5
17712,17712,Italy,"subtle aromas white spring flowers , light spice yellow apple . juicy palate offers tropical , pear bitter almond notes alongside fresh acidity .",Monte Tenda,87,17.0,Veneto,Soave Classico,,Kerin O’Keefe,@kerinokeefe,Marcato 2012 Monte Tenda  (Soave Classico),Garganega,Marcato,5
17717,17717,Italy,starts light fragrance spring flowers pear . bright palate offers white peach citrus notes alongside crisp acidity leaves clean finish .,Tufaie,87,13.0,Veneto,Soave Classico Superiore,,Kerin O’Keefe,@kerinokeefe,Bolla 2012 Tufaie  (Soave Classico Superiore),White Blend,Bolla,5
20729,20729,Italy,"white flower , yellow stone honeydew melon aromas . fruity sensations carry palate , tangerine zest note tangy acidity leads juicy finish .",Sereole,87,,Veneto,Soave Colli Scaligeri,,Kerin O’Keefe,@kerinokeefe,Bertaini 2016 Sereole  (Soave Colli Scaligeri),Garganega,Bertaini,5
22097,22097,Italy,"pear , white flower crushed herb aromas jump glass . fresh savory palate offers creamy white peach , apple hint nectarine zest mineral note lends energy .",Roncathe,88,12.0,Veneto,Soave,,Kerin O’Keefe,@kerinokeefe,Corte Moschina 2015 Roncathe  (Soave),Garganega,Corte Moschina,5
22102,22102,Italy,"initially shy , eventually reveals aromas citrus blossom , orchard grilled herb . aromas carry savory enjoyable palate along citrusy notes .",Farinaldo,88,,Veneto,Soave,,Kerin O’Keefe,@kerinokeefe,Tenuta Grimani 2015 Farinaldo  (Soave),Garganega,Tenuta Grimani,5
22265,22265,Italy,"delicate spring flower orchard scents lift glass . crisp palate , bitter almond note underscores yellow peach , golden apple nectarine flavors , lively acidity .",Castel Cerino,88,15.0,Veneto,Soave Classico,,Kerin O’Keefe,@kerinokeefe,Coffele 2016 Castel Cerino  (Soave Classico),Garganega,Coffele,5
22266,22266,Italy,"late-harvested garganega grapes , aromas pressed spanish broom , ripe yellow stone candied citrus drop . aromas follow soft , rounded palate along toasted almond note .",I Tarai,88,22.0,Veneto,Soave,,Kerin O’Keefe,@kerinokeefe,Corte Moschina 2014 I Tarai  (Soave),Garganega,Corte Moschina,5
22777,22777,Italy,"crisp , savory white offers layers white peach , tart granny smith apple lemon-lime flavors . 's vibrant well balanced , refreshing acidity . almond note signals close .",Vin Soave,90,15.0,Veneto,Soave Classico,,Kerin O’Keefe,@kerinokeefe,Inama 2013 Vin Soave  (Soave Classico),Garganega,Inama,5
24096,24096,Italy,"heady aromas ripe apple , white peach , baking spice chopped herb lead fresh creamy palate . energizing mineral note brightens succulent flavors hint pineapple lingers finish . lots enjoy .",Costeggiola,90,22.0,Veneto,Soave Classico,,Kerin O’Keefe,@kerinokeefe,Guerrieri Rizzardi 2015 Costeggiola  (Soave Classico),Garganega,Guerrieri Rizzardi,5
24107,24107,Italy,"mature orchard , lychee , citrus zest balsamic note lead way . savory palate shows citrus zest unusual salty hint cured meat alongside fresh acidity . toasted note marks finish .",Il Roccolo,89,,Veneto,Soave Classico,,Kerin O’Keefe,@kerinokeefe,Le Mandolare 2015 Il Roccolo  (Soave Classico),Garganega,Le Mandolare,5
24394,24394,Italy,"white flower orchard aromas come together bright , easy-drinking . simple palate offers golden apple tangerine notes , alongside zesty acidity hint bitter almond .",Fontègo,86,13.0,Veneto,Soave,,Kerin O’Keefe,@kerinokeefe,La Cappuccina 2016 Fontègo  (Soave),White Blend,La Cappuccina,5
26413,26413,Italy,"full-bodied white aromas dried apricots , ripe pear whiff alcohol . round , forward palate offers concentrated yellow peach , citrus , lemon drop , ginger hint bread crust .",Motto Piane,88,20.0,Veneto,Soave,,Kerin O’Keefe,@kerinokeefe,Fattori 2012 Motto Piane  (Soave),Garganega,Fattori,5
26490,26490,Italy,"subtle aromas wild flower whiff exotic . bright fruity palate offers white peach , apple hint honeydew melon . 's straightforward refreshing .",Vigne di Sande,87,,Veneto,Soave,,Kerin O’Keefe,@kerinokeefe,Villa Canestrari 2016 Vigne di Sande  (Soave),Garganega,Villa Canestrari,5
27040,27040,Italy,"tropical , citrus white almond scents lead nose . tangy palate , oak hints underscore grapefruit , juicy yellow peach dried herb flavors , candied note lemon drop .",,88,16.0,Veneto,Soave Superiore,,Kerin O’Keefe,@kerinokeefe,Corte Giacobbe 2015  Soave Superiore,Garganega,Corte Giacobbe,5
27507,27507,Italy,"savory white toasted nut , mature apple citrus zest aromas . mirroring nose , round , juicy palate doles ripe apple , peach candied tangerine flavors moderate freshness . bitter almond note graces finish .",,89,14.0,Veneto,Soave,,Kerin O’Keefe,@kerinokeefe,Franchetto 2015  Soave,Garganega,Franchetto,5
33163,33163,Italy,"aromas lemon , white flower white stone lead nose bright , juicy bright palate offers pear , peach nectarine zest . note white almond caps finish .",Cengelle,87,,Veneto,Soave,,Kerin O’Keefe,@kerinokeefe,Corte Mainente 2015 Cengelle  (Soave),Garganega,Corte Mainente,5
33792,33792,Italy,"hands one italy 's best whites , boasts alluring white flower yellow stone scents . enveloping , delicious palate delivers white peach , mature pear , ginger lemon drop flavors . fresh acidity brightens creamy flavors mineral note energizes finish .",La Froscà,94,29.0,Veneto,Soave Classico,,Kerin O’Keefe,@kerinokeefe,Gini 2015 La Froscà  (Soave Classico),Garganega,Gini,5
35096,35096,Italy,"floral aromas recall jasmine spring flowers along whiff graphite . linear palate offers yellow peach , golden apples , citrus mineral note . white almond marks finish .",Danieli,87,17.0,Veneto,Soave,,Kerin O’Keefe,@kerinokeefe,Fattori 2012 Danieli  (Soave),Garganega,Fattori,5
35097,35097,Italy,"aromas spring wild flowers come together subtle hint peach . savory palate delivers citrus , grapefruit crisp pear along note white almond .",Runcaris,87,14.0,Veneto,Soave Classico,,Kerin O’Keefe,@kerinokeefe,Fattori 2012 Runcaris  (Soave Classico),Garganega,Fattori,5
35983,35983,Italy,"delicate scents spring blossom , exotic , hazelnut whiff oak emerge radiant white . linear , elegant palate offers tangerine zest , yellow apple , mineral bitter almond accompanied vibrant acidity . 's loaded finesse .",La Rocca,91,31.0,Veneto,Soave Classico,,Kerin O’Keefe,@kerinokeefe,Pieropan 2013 La Rocca  (Soave Classico),White Blend,Pieropan,5
36367,36367,Italy,"pretty aromas stone yellow flower come together glass . vertical palate delivers dried peach , yellow apple , nectarine zest flinty note balanced bright acidity .",Tufaie,88,15.0,Veneto,Soave Classico Superiore,,Kerin O’Keefe,@kerinokeefe,Bolla 2013 Tufaie  (Soave Classico Superiore),White Blend,Bolla,5
36586,36586,Italy,"enticingly fragrant offers scents white spring flower , apple , ginger flint . elegantly structured palate , radiant acidity underscores crisp apple , bosc pear , white peach lemon drop , salty mineral note closes tangy finish . 's impressive effort overall washout vintage . drink 2024 .",La Froscà,92,29.0,Veneto,Soave Classico,,Kerin O’Keefe,@kerinokeefe,Gini 2014 La Froscà  (Soave Classico),Garganega,Gini,5
37099,37099,Italy,"aromas suggesting mature yellow apple , acacia flower whiff lychee . straightforward enjoyable palate offers ripe bartlett pear , bitter almond hint mineral . enjoy soon .",,87,11.0,Veneto,Soave,,Kerin O’Keefe,@kerinokeefe,La Cappuccina 2015  Soave,Garganega,La Cappuccina,5
37386,37386,Italy,"cloudy , unfiltered white delicate grilled herb , wet stone ripe orchard aromas . crisp , linear palate delivers saline-inflected white peach nectarine flavors bright almond note closes finish .",,88,,Veneto,Soave,,Kerin O’Keefe,@kerinokeefe,Corte Adami 2015  Soave,Garganega,Corte Adami,5
37398,37398,Italy,"fresh linear , offers spring wild flower white stone aromas luminous palate offers bosc pear , citrus hint white almond . bright , slightly tangy finish .",Monte Tenda,88,20.0,Veneto,Soave Classico,,Kerin O’Keefe,@kerinokeefe,Gianni Tessari 2016 Monte Tenda  (Soave Classico),White Blend,Gianni Tessari,5
38336,38336,Italy,"'s enjoyable straightforward white offers aromas flavors ripe apple , peach hint nectarine zest . white almond note closes finish .",Il Selese,87,14.0,Veneto,Soave,,Kerin O’Keefe,@kerinokeefe,I Stefanini 2015 Il Selese  (Soave),Garganega,I Stefanini,5
38340,38340,Italy,"ripe aromas mature yellow apple balsamic note lead nose along hint candied lemon zest . aromas follow round , ready palate along note bitter almond .",Sassani,87,,Veneto,Soave Classico,,Kerin O’Keefe,@kerinokeefe,Marcello Turra 2015 Sassani  (Soave Classico),Garganega,Marcello Turra,5
41034,41034,Italy,"smoky nose hints flint stone leads way linear white . juicy palate delivers yellow peach , crisp apple , lemon drop hint ginger alongside bright acidity .",Monte Fiorentine,89,20.0,Veneto,Soave Classico,,Kerin O’Keefe,@kerinokeefe,Ca' Rugate 2013 Monte Fiorentine  (Soave Classico),Garganega,Ca' Rugate,5
42287,42287,Italy,"subdued acacia flower , toasted nut dried aromatic herb aromas lead nose palate offers yellow apple skin flavors hint citrus zest . bitter almond marks lean finish .",Vigna della Corte,86,16.0,Veneto,Soave,,Kerin O’Keefe,@kerinokeefe,Corte Adami 2015 Vigna della Corte  (Soave),Garganega,Corte Adami,5
42288,42288,Italy,"'s lively , informal white redolent green apple , peach citrus , vibrant acidity . 's simple well , crisp , refreshing finish .",,86,15.0,Veneto,Soave,,Kerin O’Keefe,@kerinokeefe,Corte Giara 2016  Soave,White Blend,Corte Giara,5
46548,46548,Italy,'s enjoyable soave one veneto 's renowned amarone producers . shows pretty fragrance white spring flowers melon palate boasts juicy cantaloup pear . finishes fresh crisp .,,87,17.0,Veneto,Soave,,Kerin O’Keefe,@kerinokeefe,Allegrini 2012  Soave,White Blend,Allegrini,5
46999,46999,Italy,"white flower yellow stone aromas lead way straightforward white bright palate offers yellow apple , apricot bitter almond flavors . zesty acidity gives refreshing finish .",Monopolio,86,,Veneto,Soave Classico,,Kerin O’Keefe,@kerinokeefe,Cantina di Gambellara 2016 Monopolio  (Soave Classico),Garganega,Cantina di Gambellara,5
47326,47326,Italy,"delicate spring wildflower orchard aromas lift glass . simple , diluted palate mirrors nose , offering hints pear peach , zesty acidity .",,85,16.0,Veneto,Soave,,Kerin O’Keefe,@kerinokeefe,Fattori 2016  Soave,Garganega,Fattori,5
49354,49354,Italy,"100 % garganega , amber-colored features floral aromas dried white spring flower , peach blossom stone . palate , rosemary honey accents add interest ripe yellow peach . closes note white toasted almond .",Arzimo,89,28.0,Veneto,Recioto di Soave,,Kerin O’Keefe,@kerinokeefe,La Cappuccina 2010 Arzimo  (Recioto di Soave),Garganega,La Cappuccina,5
49415,49415,Italy,"aromas grapefruit crushed tomato vine lead nose . ripe rounded palate offers honeydew melon , lemon drop note crushed dill alongside fresh acidity .",,88,17.0,Veneto,Soave,,Kerin O’Keefe,@kerinokeefe,Corte Giacobbe 2016  Soave,Garganega,Corte Giacobbe,5
52509,52509,Italy,"delicate orange blossom pear aromas waft glass . linear palate offers crisp apple , juicy peach bitter almond note coupled brisk acidity .",San Michele,88,15.0,Veneto,Soave Classico,,Kerin O’Keefe,@kerinokeefe,Ca' Rugate 2013 San Michele  (Soave Classico),Garganega,Ca' Rugate,5
52551,52551,Italy,"delicate aromas recall white spring flower green apple . bright palate offers mature bartlett pear , nectarine hint bitter almond alongside brisk acidity .",Costeggiola,87,19.0,Veneto,Soave Classico,,Kerin O’Keefe,@kerinokeefe,Guerrieri Rizzardi 2013 Costeggiola  (Soave Classico),Garganega,Guerrieri Rizzardi,5
54169,54169,Italy,"aromas pressed honeysuckle orchard lead nose vibrant savory palate doles ripe peach , yellow apple hint lemon zest . almond note lends pleasantly bitter finish .",Vigneto Sengialta,90,17.0,Veneto,Soave Classico,,Kerin O’Keefe,@kerinokeefe,Balestri Valda 2014 Vigneto Sengialta  (Soave Classico),White Blend,Balestri Valda,5
55218,55218,Italy,"floral scents recall acacia flower , broom , dried apricot , beeswax tropical . 100-year-old garganega vines , elegant , varied palate offering flavors juicy yellow peach , mature pear , clove energizing mineral alongside fresh acidity . impeccably balanced delicious , continue develop years . drink 2027 .",Contrada Salvarenza Vecchie Vigne,92,38.0,Veneto,Soave Classico,,Kerin O’Keefe,@kerinokeefe,Gini 2012 Contrada Salvarenza Vecchie Vigne  (Soave Classico),Garganega,Gini,5
56469,56469,Italy,"vines 30 60 years old , radiant white aromas recall white spring flower , mint pear . elegant , linear palate delivers concentrated flavors juicy apple , creamy pear zesty citrus , firm acidity . lingering finish closes mineral note .",Calvarino,93,31.0,Veneto,Soave Classico,,Kerin O’Keefe,@kerinokeefe,Pieropan 2012 Calvarino  (Soave Classico),White Blend,Pieropan,5
60078,60078,Italy,"bright easy drinking , delicate aromas yellow wild flower whiff pear . 's fresh simple , offering yellow apple hint citrus zest alongside crisp acidity .",Roncathe,86,12.0,Veneto,Soave,,Kerin O’Keefe,@kerinokeefe,Corte Moschina 2016 Roncathe  (Soave),Garganega,Corte Moschina,5
60087,60087,Italy,"aromas white spring flower yellow stone lead nose bright straightforward white . 's simple well , flavors yellow peach hint dried herb alongside crisp acidity .",,86,15.0,Veneto,Soave,,Kerin O’Keefe,@kerinokeefe,Gianni Tessari 2016  Soave,White Blend,Gianni Tessari,5
60456,60456,Italy,"aromas honeysuckle orchard lead nose . fruity palate doles white peach , green apple hint white almond alongside lively acidity . mineral note signals close .",,88,14.0,Veneto,Soave,,Kerin O’Keefe,@kerinokeefe,La Cappuccina 2013  Soave,White Blend,La Cappuccina,5
61289,61289,Italy,"ripe peach , apple exotic aromas lead nose carry round , easy-drinking palate along hints sage white almond . light mineral note lends energy .",Castel Cerino,88,,Veneto,Soave Classico,,Kerin O’Keefe,@kerinokeefe,Coffele 2015 Castel Cerino  (Soave Classico),Garganega,Coffele,5
61817,61817,Italy,aromas mature yellow apple whiff chamomile flower lead nose . aromas carry extremely ripe palate along hint acacia marked note bitter almond .,,85,,Veneto,Soave,,Kerin O’Keefe,@kerinokeefe,Marcello Turra 2015  Soave,Garganega,Marcello Turra,5
62363,62363,Italy,"aromas pressed honeysuckle orchard lead nose vibrant savory palate doles ripe peach , yellow apple hint lemon zest . almond note lends pleasantly bitter finish .",Vigneto Sengialta,90,17.0,Veneto,Soave Classico,,Kerin O’Keefe,@kerinokeefe,Balestri Valda 2014 Vigneto Sengialta  (Soave Classico),White Blend,Balestri Valda,5
62628,62628,Italy,"delicate aromas hawthorn , white wildflower stone mingle glass . vibrant palate offers tart yellow apple , juicy nectarine bitter almond alongside zesty acidity . steely mineral note marks finish .",,88,15.0,Veneto,Soave Classico,,Kerin O’Keefe,@kerinokeefe,Monte Tondo 2013  Soave Classico,Garganega,Monte Tondo,5
63150,63150,Italy,"delicate aromas suggest stone , flint mediterranean herb . luminous palate delivers white peach , bartlett pear , crisp apple , almond energizing mineral vein .",Monte Carbonare,91,30.0,Veneto,Soave Classico,,Kerin O’Keefe,@kerinokeefe,Suavia 2013 Monte Carbonare  (Soave Classico),Garganega,Suavia,5
63157,63157,Italy,"fragrances recall honeysuckle , jasmine citrus zest . juicy palate offers creamy green apple , bartlett pear nectarine alongside zesty acidity . note white almond signals close .",,91,17.0,Veneto,Soave Classico,,Kerin O’Keefe,@kerinokeefe,Pieropan 2013  Soave Classico,White Blend,Pieropan,5
63973,63973,Italy,"offers aromas yellow stone pressed acacia flower . lean palate , racy acidity frames suggestions yellow apple skin , lime salty mineral bitter almond note marks close .",,85,20.0,Veneto,Soave Classico,,Kerin O’Keefe,@kerinokeefe,Pagani 2014  Soave Classico,Garganega,Pagani,5
65289,65289,Italy,"enticing aromas white flower , ripe orchard hint slate mingle glass . round palate offers juicy white peach , creamy green apple , tropical almond alongside fresh acidity . mineral note signals finish .",,88,21.0,Veneto,Soave Classico,,Kerin O’Keefe,@kerinokeefe,Le Battistelle 2012  Soave Classico,Garganega,Le Battistelle,5
65304,65304,Italy,"aromas candied , vanilla toasted oak lead nose . firm palate offers dried yellow peach , mature yellow apple , lemon drop , toast vanilla alongside soft acidity . closes note bitter almond .",Auge Riserva,88,21.0,Veneto,Soave Superiore,,Kerin O’Keefe,@kerinokeefe,Villa Canestrari 2012 Auge Riserva  (Soave Superiore),Garganega,Villa Canestrari,5
65362,65362,Italy,"stunning single-vineyard selection one italy 's iconic whites helped kick soave 's renaissance . delivers pressed yellow flowers , golden apples , citrus , melon mango alongside mineral toasted almond notes . already delicious well balanced , age beautifully develop complexity several years least . drink 2021 .",La Rocca,95,31.0,Veneto,Soave Classico,,Kerin O’Keefe,@kerinokeefe,Pieropan 2011 La Rocca  (Soave Classico),Garganega,Pieropan,5
66154,66154,Italy,"white spring flower , citrus apple aromas set tone bright palate offers pear , nectarine zest hint bitter almond . fresh acidity gives crisp finish .",San Michele,88,15.0,Veneto,Soave Classico,,Kerin O’Keefe,@kerinokeefe,Ca' Rugate 2016 San Michele  (Soave Classico),Garganega,Ca' Rugate,5
66172,66172,Italy,"aromas grapefruit crushed tomato vine lead nose . ripe rounded palate offers honeydew melon , lemon drop note crushed dill alongside fresh acidity .",,88,17.0,Veneto,Soave,,Kerin O’Keefe,@kerinokeefe,Corte Giacobbe 2016  Soave,Garganega,Corte Giacobbe,5
66630,66630,Italy,"subtle aromas yellow peach , golden apple honeydew melon lead . however palate rather lean , citrus mineral notes alongside bracing acidity much richness .",Monte San Piero,86,27.0,Veneto,Soave Superiore,,Kerin O’Keefe,@kerinokeefe,Sandro de Bruno 2010 Monte San Piero  (Soave Superiore),Garganega,Sandro de Bruno,5
67229,67229,Italy,"orchard white flower aromas meld together pretty white . bright palate , fresh acidity underscores white peach , bartlett pear juicy nectarine suggestions .",Ca' Bianchi,87,,Veneto,Soave,,Kerin O’Keefe,@kerinokeefe,Le Albare 2016 Ca' Bianchi  (Soave),Garganega,Le Albare,5
69802,69802,Italy,"toasted oak , pressed wild flower hay aromas . lean , diluted palate offers butterscotch tart lemon zest flavors . although acidity brisk , lacks richness .",,84,25.0,Veneto,Soave Classico Superiore,,Kerin O’Keefe,@kerinokeefe,Villa Canestrari 2014  Soave Classico Superiore,Garganega,Villa Canestrari,5
70605,70605,Italy,runcaris easiest fattori 's three garganega-based wines . shows beautiful notes citrus honeydew melon flavors white peach touch exotic . show pretty aromatic intensity .,Runcaris,86,15.0,Veneto,Soave Classico,,,,Fattori 2011 Runcaris  (Soave Classico),Garganega,Fattori,5
71452,71452,Italy,"charming white discloses delicate aromas yellow flower stone . bright palate displays tart apple bartlett pear alongside bitter almond . 's balanced fresh , lively acidity .",Runcaris,87,13.0,Veneto,Soave Classico,,Kerin O’Keefe,@kerinokeefe,Fattori 2013 Runcaris  (Soave Classico),Garganega,Fattori,5
72050,72050,Italy,"charming white discloses delicate aromas yellow flower stone . bright palate displays tart apple bartlett pear alongside bitter almond . 's balanced fresh , lively acidity .",Runcaris,87,13.0,Veneto,Soave Classico,,Kerin O’Keefe,@kerinokeefe,Fattori 2013 Runcaris  (Soave Classico),Garganega,Fattori,5
72513,72513,Italy,"pretty showcases aromas yellow flowers exotic . bright palate offers honeydew melon , apple hint almond alongside crisp acidity leaves quenching finish .",Rocca Sveva,86,15.0,Veneto,Soave Classico,,Kerin O’Keefe,@kerinokeefe,Cantina di Soave 2012 Rocca Sveva  (Soave Classico),Garganega,Cantina di Soave,5
75700,75700,Italy,"aromas ripe granny smith apple exotic lead creamy flavors apricot , beeswax hint pineapple delicious white . enough fresh acidity balances rich flavors .",Monte de Toni,90,18.0,Veneto,Soave Classico,,Kerin O’Keefe,@kerinokeefe,I Stefanini 2015 Monte de Toni  (Soave Classico),Garganega,I Stefanini,5
76420,76420,Italy,"aromas white wild flower chamomile float glass along whiff orchard . ripe round palate offers juicy bartlett pear , golden apple peach . note bitter almond wraps finish .",San Michele,90,16.0,Veneto,Soave Classico,,Kerin O’Keefe,@kerinokeefe,Ca' Rugate 2015 San Michele  (Soave Classico),Garganega,Ca' Rugate,5
76421,76421,Italy,"aromas exotic , white spring flower yellow stone lead nose round creamy palate doles apricot , mineral , chopped herb nectarine . mineral vein lifts finish .",Castello,90,18.0,Veneto,Soave Classico,,Kerin O’Keefe,@kerinokeefe,Cantina del Castello 2015 Castello  (Soave Classico),Garganega,Cantina del Castello,5
80176,80176,Italy,"delicate aromas mature apple , pear whiff aromatic herb lead nose . enjoyable palate , savory notes grilled herb delicate hint bread crust add depth honeydew melon citrus .",U. P.,88,,Veneto,Soave,,Kerin O’Keefe,@kerinokeefe,Portinari 2015 U. P.  (Soave),Garganega,Portinari,5
80182,80182,Italy,"aromas grilled herb , mature orchard citrus lead nose palate offers bartlett pear nectarine zest . notes white almond hint mineral signal close .",Scaligeri Decanto,88,,Veneto,Soave,,Kerin O’Keefe,@kerinokeefe,Collis 2015 Scaligeri Decanto  (Soave),Garganega,Collis,5
80183,80183,Italy,"'s creamy white delivers aromas flavors white peach , pear white almond . mineral note fresh acidity lift finish .",Evaos,88,17.0,Veneto,Soave,,Kerin O’Keefe,@kerinokeefe,Corte Moschina 2015 Evaos  (Soave),Garganega,Corte Moschina,5
81552,81552,Italy,"aromas hawthorn , acacia flower stone take shape glass . linear palate offers crisp apple , juicy pear bitter almond alongside tangy acidity .",Rocca Sveva Castelcerino,88,20.0,Veneto,Soave Classico,,Kerin O’Keefe,@kerinokeefe,Cantina di Soave 2013 Rocca Sveva Castelcerino  (Soave Classico),White Blend,Cantina di Soave,5
82214,82214,Italy,straightforward white aromas chamomile flower mature orchard carry ripe simple palate along yellow apple . hint dried herb marks close .,,87,15.0,Veneto,Soave Classico,,Kerin O’Keefe,@kerinokeefe,Monte del Frà 2015  Soave Classico,Garganega,Monte del Frà,5
82506,82506,Italy,"acacia , beeswax orchard aromas lead way . aromas carry ripe round palate along suggestions apple pear .",Terre di Terrossa,87,,Veneto,Soave,,Kerin O’Keefe,@kerinokeefe,Sandro de Bruno 2015 Terre di Terrossa  (Soave),Garganega,Sandro de Bruno,5
82508,82508,Italy,"alluring aromas white spring flower , orchard hint aromatic herb lead nose . fresh palate offers ripe pear citrus zest uplifting hint thyme signals close .",Lepia,87,,Veneto,Soave,,Kerin O’Keefe,@kerinokeefe,Tenuta Santa Maria 2015 Lepia  (Soave),Garganega,Tenuta Santa Maria,5
82512,82512,Italy,"white spring flower , mature pear yellow peach aromas lead nose enjoyable white . ripe round palate offers exotic hint white almond .",,87,,Veneto,Soave,,Kerin O’Keefe,@kerinokeefe,Zambon 2015  Soave,Garganega,Zambon,5
83022,83022,Italy,"pretty white would pair perfectly salads , fresh water fish grilled tuna . stone honeydew melon give clean lively mouthfeel .",Re Teodorico,87,12.0,Veneto,Soave Classico,,,,Cantina di Monteforte 2011 Re Teodorico  (Soave Classico),Garganega,Cantina di Monteforte,5
83303,83303,Italy,"pressed yellow flower , dried toasted oak aromas lead nose . lean palate offers candied citrus zest , vanilla drying , wood-driven sensations much richness . finishes bitter , nutty note .",San Brizio,86,24.0,Veneto,Soave,,Kerin O’Keefe,@kerinokeefe,La Cappuccina 2013 San Brizio  (Soave),Garganega,La Cappuccina,5
83991,83991,Italy,"cloudy , unfiltered white delicate grilled herb , wet stone ripe orchard aromas . crisp , linear palate delivers saline-inflected white peach nectarine flavors bright almond note closes finish .",,88,,Veneto,Soave,,Kerin O’Keefe,@kerinokeefe,Corte Adami 2015  Soave,Garganega,Corte Adami,5
84003,84003,Italy,"fresh linear , offers spring wild flower white stone aromas luminous palate offers bosc pear , citrus hint white almond . bright , slightly tangy finish .",Monte Tenda,88,20.0,Veneto,Soave Classico,,Kerin O’Keefe,@kerinokeefe,Gianni Tessari 2016 Monte Tenda  (Soave Classico),White Blend,Gianni Tessari,5
84693,84693,Italy,"appealing aromas mature orchard chopped herb lead way . ripe round palate doles creamy pear , white peach , candied ginger hint bitter almond enough fresh acidity gives lift .",Campo Le Calle,89,20.0,Veneto,Soave,,Kerin O’Keefe,@kerinokeefe,Latium di Morini 2015 Campo Le Calle  (Soave),Garganega,Latium di Morini,5
84900,84900,Italy,"'s delicate pear , apple beeswax aromas carry simple , enjoyable palate , along citrus note . 's refreshing , bright acidity .",Monte Foscarino,86,10.0,Veneto,Soave Classico,,Kerin O’Keefe,@kerinokeefe,Santa Sofia 2016 Monte Foscarino  (Soave Classico),Garganega,Santa Sofia,5
84901,84901,Italy,"crisp , straightforward white delicate orchard white spring flower aromas , simple palate offers bartlett pear citrus flavors . bright acidity gives clean finish .",Le Volpare,86,13.0,Veneto,Soave Classico,,Kerin O’Keefe,@kerinokeefe,Tommasi 2016 Le Volpare  (Soave Classico),Garganega,Tommasi,5
85583,85583,Italy,"aromas mature orchard , dried herb whiff pressed flower lead nose . straightforward , enjoyable palate offers ripe pear , nectarine mineral note . white almond wraps finish .",Danieli,88,,Veneto,Soave,,Kerin O’Keefe,@kerinokeefe,Fattori 2015 Danieli  (Soave),Garganega,Fattori,5
87638,87638,Italy,"aromas tropical , pressed wild flower ripe orchard lead nose . round savory palate offers juicy peach , red bartlett pear white almond note . energizing mineral lifts creamy flavors .",,90,17.0,Veneto,Soave Classico,,Kerin O’Keefe,@kerinokeefe,Gini 2015  Soave Classico,Garganega,Gini,5
90142,90142,Italy,"alluring aromas white spring flower exotic take shape glass . round ripe palate shows mature apricot , creamy white peach pear note white almond signals finish . 's lot like .",Otto,89,,Veneto,Soave,,Kerin O’Keefe,@kerinokeefe,Prà 2015 Otto  (Soave),Garganega,Prà,5
90646,90646,Italy,"dried graganega grapes , aromas pressed wild flower , white yellow stone . palate doles ripe peach , dried apricot acacia honey . closes toasted almond note .",Arzimo,89,22.0,Veneto,Recioto di Soave,,Kerin O’Keefe,@kerinokeefe,La Cappuccina 2011 Arzimo  (Recioto di Soave),Garganega,La Cappuccina,5
93586,93586,Italy,"yellow flower , ripe orchard aromatic herb aromas take center stage ripe , round palate offers mature yellow apple candied lemon notes . hint bitter almond finish marks close .",Colle di Montecchia di Crosara,87,19.0,Veneto,Soave Colli Scaligeri,,Kerin O’Keefe,@kerinokeefe,Sandro de Bruno 2015 Colle di Montecchia di Crosara  (Soave Colli Scaligeri),White Blend,Sandro de Bruno,5
94435,94435,Italy,"tuscan white offers mature notes apricot , peach , honeydew orange marmalade . structured , sophisticated creamy tart citrus notes close .",Pietravalle,88,23.0,Tuscany,Vernaccia di San Gimignano,,,,Agricoltori del Chianti Geografico 2006 Pietravalle  (Vernaccia di San Gimignano),Vernaccia,Agricoltori del Chianti Geografico,5
97030,97030,Italy,"honey , chamomile , acacia toasted oak aromas follow palate , yellow apple citrus drop flavors . bitter almond note closes finish . drink soon capture remaining freshness .",Vigneto du Lot,88,,Veneto,Soave Classico,,Kerin O’Keefe,@kerinokeefe,Inama 2015 Vigneto du Lot  (Soave Classico),Garganega,Inama,5
97470,97470,Italy,"aromas pressed spring flower , peach blossom yellow stone take center stage . dense full-bodied palate offers ripe yellow plum , dried apricot rosemary honey .",Arzimo,89,28.0,Veneto,Recioto di Soave,,Kerin O’Keefe,@kerinokeefe,La Cappuccina 2013 Arzimo  (Recioto di Soave),Garganega,La Cappuccina,5
98082,98082,Italy,intense aromas ripe apricot exotic lead creamy palate bursting yellow stone candied lemon drop . note bitter almond lends depth finish .,Tovo Al Pigno,89,,Veneto,Soave Classico,,Kerin O’Keefe,@kerinokeefe,Corte Mainente 2015 Tovo Al Pigno  (Soave Classico),Garganega,Corte Mainente,5
100982,100982,Italy,"fragrances suggest white spring flower green melon . light , straightforward palate offers granny smith apple green pear alongside bright acidity .",Rocca Sveva,85,15.0,Veneto,Soave Classico,,Kerin O’Keefe,@kerinokeefe,Cantina di Soave 2013 Rocca Sveva  (Soave Classico),Garganega,Cantina di Soave,5
102401,102401,Italy,"delicate fragrance yellow spring flowers exotic . juicy palate offers pear , honeydew melon banana peel hint nut finish . simple well-made .",,86,11.0,Veneto,Soave,,Kerin O’Keefe,@kerinokeefe,La Cappuccina 2013  Soave,Garganega,La Cappuccina,5
104100,104100,Italy,"white flower , yellow stone honeydew melon aromas . fruity sensations carry palate , tangerine zest note tangy acidity leads juicy finish .",Sereole,87,,Veneto,Soave Colli Scaligeri,,Kerin O’Keefe,@kerinokeefe,Bertaini 2016 Sereole  (Soave Colli Scaligeri),Garganega,Bertaini,5
104110,104110,Italy,"spring blossom white stone aromas delicately set tone . straightforward palate , fresh acidity underscores ripe pear yellow apple flavors hint almond signals close .",Vicario,87,10.0,Veneto,Soave Classico,,Kerin O’Keefe,@kerinokeefe,Cantina di Monteforte 2016 Vicario  (Soave Classico),Garganega,Cantina di Monteforte,5
104333,104333,Italy,"aromas lemon , white flower white stone lead nose bright , juicy bright palate offers pear , peach nectarine zest . note white almond caps finish .",Cengelle,87,,Veneto,Soave,,Kerin O’Keefe,@kerinokeefe,Corte Mainente 2015 Cengelle  (Soave),Garganega,Corte Mainente,5
104753,104753,Italy,"aromas grilled herb , mature orchard citrus lead nose palate offers bartlett pear nectarine zest . notes white almond hint mineral signal close .",Scaligeri Decanto,88,,Veneto,Soave,,Kerin O’Keefe,@kerinokeefe,Collis 2015 Scaligeri Decanto  (Soave),Garganega,Collis,5
104754,104754,Italy,"'s creamy white delivers aromas flavors white peach , pear white almond . mineral note fresh acidity lift finish .",Evaos,88,17.0,Veneto,Soave,,Kerin O’Keefe,@kerinokeefe,Corte Moschina 2015 Evaos  (Soave),Garganega,Corte Moschina,5
106027,106027,Italy,"vibrant savory , polished white offers scents perfumed white flower ripe orchard . tangy palate doles granny smith apple , white peach juicy tangerine . crisp acidity provides balance mineral note energizes clean finish .",,90,18.0,Veneto,Soave Classico,,Kerin O’Keefe,@kerinokeefe,Gini 2014  Soave Classico,Garganega,Gini,5
106906,106906,Italy,"white spring flower , beeswax orchard aromas take center stage round , ripe palate evokes yellow apple , candied lemon drop hint fennel seed . saline-like mineral note energizes finish .",Campo Vulcano,88,20.0,Veneto,Soave Classico,,Kerin O’Keefe,@kerinokeefe,I Campi 2015 Campo Vulcano  (Soave Classico),White Blend,I Campi,5
107080,107080,Italy,"fragrances recall honeysuckle , jasmine citrus zest . juicy palate offers creamy green apple , bartlett pear nectarine alongside zesty acidity . note white almond signals close .",,91,17.0,Veneto,Soave Classico,,Kerin O’Keefe,@kerinokeefe,Pieropan 2013  Soave Classico,White Blend,Pieropan,5
107086,107086,Italy,"delicate aromas suggest stone , flint mediterranean herb . luminous palate delivers white peach , bartlett pear , crisp apple , almond energizing mineral vein .",Monte Carbonare,91,30.0,Veneto,Soave Classico,,Kerin O’Keefe,@kerinokeefe,Suavia 2013 Monte Carbonare  (Soave Classico),Garganega,Suavia,5
107105,107105,Italy,"perhaps iconic bottling soave , aromas candied , pressed chamomile flower , savory herb whiff oak-driven spice . firm palate offers lemon drop , nectarine skin , yellow peach , toasted hazelnut energizing mineral . nice depth well balanced , tangy acidity . drink 2020 .",La Rocca,91,31.0,Veneto,Soave Classico,,Kerin O’Keefe,@kerinokeefe,Pieropan 2012 La Rocca  (Soave Classico),Garganega,Pieropan,5
107441,107441,Italy,"aromas acacia flower , fresh stone nut come together glass . juicy palate offers white peach , green apple citrus note crisp acidity provides support . mineral white almond notes delineate finish .",Vigna Turbian,88,16.0,Veneto,Soave Classico,,Kerin O’Keefe,@kerinokeefe,Nardello 2013 Vigna Turbian  (Soave Classico),White Blend,Nardello,5
108834,108834,Italy,"light vibrant , delicate scents recalling white flower , orchard whiff almond . slender palate offers bartlett pear citrusy notes alongside racy acidity .",,87,10.0,Veneto,Soave Classico,,Kerin O’Keefe,@kerinokeefe,Suavia 2014  Soave Classico,Garganega,Suavia,5
110358,110358,Italy,"boasts alluring scents spanish broom , lychee orchard . creamy elegant palate delivers mature pear grilled herb juicy nectarine note closes linear finish . drink 2020 .",Le Bancole,90,,Veneto,Soave Classico,,Kerin O’Keefe,@kerinokeefe,Tenuta Solar 2015 Le Bancole  (Soave Classico),Garganega,Tenuta Solar,5
113845,113845,Italy,"aromas acacia flower , broom toasted note lead nose . palate offers light oak , yellow apple lemon drop alongside racy acidity .",Capitel Alto,87,17.0,Veneto,Soave Classico,,Kerin O’Keefe,@kerinokeefe,Montresor 2014 Capitel Alto  (Soave Classico),Garganega,Montresor,5
114667,114667,Italy,straightforward white aromas chamomile flower mature orchard carry ripe simple palate along yellow apple . hint dried herb marks close .,,87,15.0,Veneto,Soave Classico,,Kerin O’Keefe,@kerinokeefe,Monte del Frà 2015  Soave Classico,Garganega,Monte del Frà,5
116068,116068,Italy,"aromas spanish broom , tropical graphite take lead . smooth , creamy palate offers white peach , melon , almond mineral brightened crisp acidity . enjoy 2016 .",,90,19.0,Veneto,Soave Classico,,Kerin O’Keefe,@kerinokeefe,Suavia 2012  Soave Classico,Garganega,Suavia,5
118405,118405,Italy,"crisp linear , delicious soave delivers sensations honeysuckle , tart green apple , creamy white peach juicy nectarine . 's vibrant balanced , bright acidity .",,90,18.0,Veneto,Soave Classico,,Kerin O’Keefe,@kerinokeefe,Gini 2013  Soave Classico,Garganega,Gini,5
119098,119098,Italy,"delicate aromas suggest white spring flower pear . linear palate , vibrant acidity balances tart apple lemon-zest flavors . light mineral note energizes finish .",,88,15.0,Veneto,Soave Classico,,Kerin O’Keefe,@kerinokeefe,Suavia 2013  Soave Classico,Garganega,Suavia,5
119110,119110,Italy,"floral scents peach blossom , broom whiff pear mingle glass . bright palate , toasted almond aromatic herb give interest core golden delicious apple citrus . 's refreshing balanced vibrant acidity .",,88,13.0,Veneto,Soave Classico,,Kerin O’Keefe,@kerinokeefe,Guerrieri Rizzardi 2013  Soave Classico,White Blend,Guerrieri Rizzardi,5
121246,121246,Italy,"dazzling white lesson finesse balance . alluring , delicate scents white wild flowers , chopped herbs , almonds orchard fruits . elegant palate offers layers crisp apple creamy pear , radiant acidity brightens intense flavors mineral note closes lingering finish . drink 2023 .",Calvarino,94,31.0,Veneto,Soave Classico,,Kerin O’Keefe,@kerinokeefe,Pieropan 2013 Calvarino  (Soave Classico),White Blend,Pieropan,5
122904,122904,Italy,"offers enticing scents white spring flower green apple . juicy palate doles pineapple , peach tangerine note candied drop wraps finish .",Cimalto,89,14.0,Veneto,Soave Classico,,Kerin O’Keefe,@kerinokeefe,Corte Adami 2015 Cimalto  (Soave Classico),Garganega,Corte Adami,5
123906,123906,Italy,"exotic , honeysuckle apple aromas commingle nose . palate less expressive , offering simple , faint white peach citrus notes , crisp acidity . finishes fresh clean .",,85,10.0,Veneto,Soave,,Kerin O’Keefe,@kerinokeefe,Monte Zovo 2016  Soave,White Blend,Monte Zovo,5
123917,123917,Italy,"extremely simple pleasantly fresh white offers green apple , peach citrus hints . zesty acidity gives lively character .",,85,13.0,Veneto,Soave,,Kerin O’Keefe,@kerinokeefe,Corte Adami 2016  Soave,White Blend,Corte Adami,5
125536,125536,Italy,"entirely garganega , offers delicate wildflower white stone scents . vibrant palate , white almond hint underscores yellow apple , bartlett pear nectarine flavors .",,88,15.0,Veneto,Soave Classico,,Kerin O’Keefe,@kerinokeefe,Suavia 2016  Soave Classico,Garganega,Suavia,5
127331,127331,Italy,"aromas honeysuckle orchard lead nose . fruity palate doles white peach , green apple hint white almond alongside lively acidity . mineral note signals close .",,88,14.0,Veneto,Soave,,Kerin O’Keefe,@kerinokeefe,La Cappuccina 2013  Soave,White Blend,La Cappuccina,5
128802,128802,Italy,"faint honeysuckle white stone aromas . informal , lively palate offers green apple , peach citrus hints , alongside bright acidity .",Fontana,85,12.0,Veneto,Soave,,Kerin O’Keefe,@kerinokeefe,Tenuta Sant'Antonio 2016 Fontana  (Soave),Garganega,Tenuta Sant'Antonio,5
128813,128813,Italy,"subdued aromas reminiscent acacia flower , toasted nut citrus drop lean , zesty palate suggests lemon rind , yellow apple skin bitter almond . bracing acidity provides brisk framework .",Casette Foscarin,85,25.0,Veneto,Soave Classico,,Kerin O’Keefe,@kerinokeefe,Monte Tondo 2014 Casette Foscarin  (Soave Classico),White Blend,Monte Tondo,5
129893,129893,Italy,"aromas passion , hay vegetal note lead nose bright fresh palate doles provides juicy nectarine , creamy peach pear . hint mineral white almond close lingering finish .",Corte Menini,91,,Veneto,Soave Classico,,Kerin O’Keefe,@kerinokeefe,Le Mandolare 2015 Corte Menini  (Soave Classico),Garganega,Le Mandolare,5
